title,id
Shutter Island (2010),tt1130884
Memento (2000),tt0209144
WALL·E (2008),tt0910970
A Beautiful Mind (2001),tt0268978Interstellar (2014),tt0816692

The Pianist (2002),tt0253474
Slumdog Millionaire (2008),tt1010048
Donnie Darko (2001),tt0246578The Hangover (2009),tt1119646

What's Love Got to Do with It? (2022),tt13430858La rafle (2010),tt1382725

Ya no estoy aquí (2019),tt4323594
The Recall (2017),tt5669936
Gloria (2013),tt2425486
Rudo y Cursi (2008),tt0405393
Love Don't Cost a Thing (2003),tt0337592
Santouri (2007),tt0385277
Marakkar: Lion of the Arabian Sea (2021),tt8345300
The 2nd (2020),tt11697484
Do Not Disturb (2023),tt23049270
Honor Society (2022),tt16491324
The Cured (2017),tt3463106
A Viszkis (2017),tt5871080
w Delta z (2007),tt0804552
Diqiu zuihou de yewan (2018),tt8185182
The Atticus Institute (2015),tt3280916
Mozart and the Whale (2005),tt0392465
A Call to Spy (2019),tt7698468
I Can't Think Straight (2008),tt0830570
Boot Camp (2008),tt0870204
title,id
Shutter Island (2010),tt1130884
The Pianist (2002),tt0253474
